,dataset,train_data,test_data,data_length,train_datapoints,unique_labels,labels_by_class,labels_by_class_if20,labels_by_class_if10,labels_by_class_if5,labels_by_class_if1,Use_for_paper_if_few_shot,Use_for_paper,train_time,acc
0,ACSF1,100,100,1460,146000,10,[10 10 10 10 10 10 10 10 10 10],[2. 2. 2. 2. 2. 2. 2. 2. 2. 2.],[1. 1. 1. 1. 1. 1. 1. 1. 1. 1.],[0.5 0.5 0.5 0.5 0.5 0.5 0.5 0.5 0.5 0.5],[0.1 0.1 0.1 0.1 0.1 0.1 0.1 0.1 0.1 0.1],N,Y,78.726347,0.85
0,Adiac,390,391,176,68640,37,"[13 10  5 14  4 12 10 13  9 11 10 12  6 11 12 10 11  9 14  9  8 10  9 15
 13  9 13 13  9 13  9 13 13  9 10 11  8]","[2.6 2.  1.  2.8 0.8 2.4 2.  2.6 1.8 2.2 2.  2.4 1.2 2.2 2.4 2.  2.2 1.8
 2.8 1.8 1.6 2.  1.8 3.  2.6 1.8 2.6 2.6 1.8 2.6 1.8 2.6 2.6 1.8 2.  2.2
 1.6]","[1.3 1.  0.5 1.4 0.4 1.2 1.  1.3 0.9 1.1 1.  1.2 0.6 1.1 1.2 1.  1.1 0.9
 1.4 0.9 0.8 1.  0.9 1.5 1.3 0.9 1.3 1.3 0.9 1.3 0.9 1.3 1.3 0.9 1.  1.1
 0.8]","[0.65 0.5  0.25 0.7  0.2  0.6  0.5  0.65 0.45 0.55 0.5  0.6  0.3  0.55
 0.6  0.5  0.55 0.45 0.7  0.45 0.4  0.5  0.45 0.75 0.65 0.45 0.65 0.65
 0.45 0.65 0.45 0.65 0.65 0.45 0.5  0.55 0.4 ]","[0.13 0.1  0.05 0.14 0.04 0.12 0.1  0.13 0.09 0.11 0.1  0.12 0.06 0.11
 0.12 0.1  0.11 0.09 0.14 0.09 0.08 0.1  0.09 0.15 0.13 0.09 0.13 0.13
 0.09 0.13 0.09 0.13 0.13 0.09 0.1  0.11 0.08]",N,N,10.166815,0.7672634271099740
0,AllGestureWiimoteX,300,700,500,150000,10,[30 30 30 30 30 30 30 30 30 30],[6. 6. 6. 6. 6. 6. 6. 6. 6. 6.],[3. 3. 3. 3. 3. 3. 3. 3. 3. 3.],[1.5 1.5 1.5 1.5 1.5 1.5 1.5 1.5 1.5 1.5],[0.3 0.3 0.3 0.3 0.3 0.3 0.3 0.3 0.3 0.3],N,Y,36.579843,0.76
0,AllGestureWiimoteY,300,700,500,150000,10,[30 30 30 30 30 30 30 30 30 30],[6. 6. 6. 6. 6. 6. 6. 6. 6. 6.],[3. 3. 3. 3. 3. 3. 3. 3. 3. 3.],[1.5 1.5 1.5 1.5 1.5 1.5 1.5 1.5 1.5 1.5],[0.3 0.3 0.3 0.3 0.3 0.3 0.3 0.3 0.3 0.3],N,Y,35.908918,0.7514285714285710
0,AllGestureWiimoteZ,300,700,500,150000,10,[30 30 30 30 30 30 30 30 30 30],[6. 6. 6. 6. 6. 6. 6. 6. 6. 6.],[3. 3. 3. 3. 3. 3. 3. 3. 3. 3.],[1.5 1.5 1.5 1.5 1.5 1.5 1.5 1.5 1.5 1.5],[0.3 0.3 0.3 0.3 0.3 0.3 0.3 0.3 0.3 0.3],N,Y,35.620459,0.6957142857142860
0,ArrowHead,36,175,251,9036,3,[12 12 12],[2.4 2.4 2.4],[1.2 1.2 1.2],[0.6 0.6 0.6],[0.12 0.12 0.12],N,Y,9.506661,0.7657142857142860
0,Beef,30,30,470,14100,5,[6 6 6 6 6],[1.2 1.2 1.2 1.2 1.2],[0.6 0.6 0.6 0.6 0.6],[0.3 0.3 0.3 0.3 0.3],[0.06 0.06 0.06 0.06 0.06],N,N,11.137153,0.7666666666666670
0,BeetleFly,20,20,512,10240,2,[10 10],[2. 2.],[1. 1.],[0.5 0.5],[0.1 0.1],N,Y,11.446002,0.85
0,BirdChicken,20,20,512,10240,2,[10 10],[2. 2.],[1. 1.],[0.5 0.5],[0.1 0.1],N,Y,13.071383,0.8
0,BME,30,150,128,3840,3,[10 10 10],[2. 2. 2.],[1. 1. 1.],[0.5 0.5 0.5],[0.1 0.1 0.1],N,Y,8.776041,0.9866666666666670
0,Car,60,60,577,34620,4,[16 16 11 17],[3.2 3.2 2.2 3.4],[1.6 1.6 1.1 1.7],[0.8  0.8  0.55 0.85],[0.16 0.16 0.11 0.17],N,Y,13.146028,0.7
0,CBF,30,900,128,3840,3,[10 12  8],[2.  2.4 1.6],[1.  1.2 0.8],[0.5 0.6 0.4],[0.1  0.12 0.08],N,Y,9.308408,1.0
0,Chinatown,20,343,24,480,2,[10 10],[2. 2.],[1. 1.],[0.5 0.5],[0.1 0.1],N,Y,7.072263,0.9737609329446060
0,ChlorineConcentration,467,3840,166,77522,3,[114  91 262],[22.8 18.2 52.4],[11.4  9.1 26.2],[ 5.7   4.55 13.1 ],[1.14 0.91 2.62],N,Y,9.282236,0.8252604166666670
0,CinCECGTorso,40,1380,1639,65560,4,[ 5 13 12 10],[1.  2.6 2.4 2. ],[0.5 1.3 1.2 1. ],[0.25 0.65 0.6  0.5 ],[0.05 0.13 0.12 0.1 ],N,N,29.388449,0.7565217391304350
0,Coffee,28,28,286,8008,2,[14 14],[2.8 2.8],[1.4 1.4],[0.7 0.7],[0.14 0.14],N,Y,11.462165,1.0
0,Computers,250,250,720,180000,2,[125 125],[25. 25.],[12.5 12.5],[6.25 6.25],[1.25 1.25],N,Y,50.329399,0.656
0,CricketX,390,390,300,117000,12,[38 31 34 35 27 34 36 31 25 28 39 32],[7.6 6.2 6.8 7.  5.4 6.8 7.2 6.2 5.  5.6 7.8 6.4],[3.8 3.1 3.4 3.5 2.7 3.4 3.6 3.1 2.5 2.8 3.9 3.2],[1.9  1.55 1.7  1.75 1.35 1.7  1.8  1.55 1.25 1.4  1.95 1.6 ],[0.38 0.31 0.34 0.35 0.27 0.34 0.36 0.31 0.25 0.28 0.39 0.32],N,Y,33.892613,0.7846153846153850
0,CricketY,390,390,300,117000,12,[28 34 36 30 36 32 32 33 31 32 32 34],[5.6 6.8 7.2 6.  7.2 6.4 6.4 6.6 6.2 6.4 6.4 6.8],[2.8 3.4 3.6 3.  3.6 3.2 3.2 3.3 3.1 3.2 3.2 3.4],[1.4  1.7  1.8  1.5  1.8  1.6  1.6  1.65 1.55 1.6  1.6  1.7 ],[0.28 0.34 0.36 0.3  0.36 0.32 0.32 0.33 0.31 0.32 0.32 0.34],N,Y,34.035563,0.7692307692307690
0,CricketZ,390,390,300,117000,12,[32 27 25 32 29 36 41 37 31 31 33 36],[6.4 5.4 5.  6.4 5.8 7.2 8.2 7.4 6.2 6.2 6.6 7.2],[3.2 2.7 2.5 3.2 2.9 3.6 4.1 3.7 3.1 3.1 3.3 3.6],[1.6  1.35 1.25 1.6  1.45 1.8  2.05 1.85 1.55 1.55 1.65 1.8 ],[0.32 0.27 0.25 0.32 0.29 0.36 0.41 0.37 0.31 0.31 0.33 0.36],N,Y,34.23385,0.8025641025641030
0,Crop,7200,16800,46,331200,24,"[300 300 300 300 300 300 300 300 300 300 300 300 300 300 300 300 300 300
 300 300 300 300 300 300]","[60. 60. 60. 60. 60. 60. 60. 60. 60. 60. 60. 60. 60. 60. 60. 60. 60. 60.
 60. 60. 60. 60. 60. 60.]","[30. 30. 30. 30. 30. 30. 30. 30. 30. 30. 30. 30. 30. 30. 30. 30. 30. 30.
 30. 30. 30. 30. 30. 30.]","[15. 15. 15. 15. 15. 15. 15. 15. 15. 15. 15. 15. 15. 15. 15. 15. 15. 15.
 15. 15. 15. 15. 15. 15.]",[3. 3. 3. 3. 3. 3. 3. 3. 3. 3. 3. 3. 3. 3. 3. 3. 3. 3. 3. 3. 3. 3. 3. 3.],Y,Y,23.563955,0.755297619047619
0,DiatomSizeReduction,16,306,345,5520,4,[1 6 5 4],[0.2 1.2 1.  0.8],[0.1 0.6 0.5 0.4],[0.05 0.3  0.25 0.2 ],[0.01 0.06 0.05 0.04],N,N,11.970789,0.9869281045751630
0,DistalPhalanxOutlineAgeGroup,400,139,80,32000,3,[ 30 113 257],[ 6.  22.6 51.4],[ 3.  11.3 25.7],[ 1.5   5.65 12.85],[0.3  1.13 2.57],N,Y,9.503543,0.7410071942446040
0,DistalPhalanxOutlineCorrect,600,276,80,48000,2,[222 378],[44.4 75.6],[22.2 37.8],[11.1 18.9],[2.22 3.78],Y,Y,9.462355,0.7572463768115940
0,DistalPhalanxTW,400,139,80,32000,6,[ 29  28  82  30  18 213],[ 5.8  5.6 16.4  6.   3.6 42.6],[ 2.9  2.8  8.2  3.   1.8 21.3],[ 1.45  1.4   4.1   1.5   0.9  10.65],[0.29 0.28 0.82 0.3  0.18 2.13],N,Y,9.766536,0.697841726618705
0,DodgerLoopDay,78,80,288,22464,7,[12 10 10 11 12 12 11],[2.4 2.  2.  2.2 2.4 2.4 2.2],[1.2 1.  1.  1.1 1.2 1.2 1.1],[0.6  0.5  0.5  0.55 0.6  0.6  0.55],[0.12 0.1  0.1  0.11 0.12 0.12 0.11],N,Y,11.083612,0.5625
0,DodgerLoopGame,20,138,288,5760,2,[10 10],[2. 2.],[1. 1.],[0.5 0.5],[0.1 0.1],N,Y,11.146671,0.8840579710144930
0,DodgerLoopWeekend,20,138,288,5760,2,[10 10],[2. 2.],[1. 1.],[0.5 0.5],[0.1 0.1],N,Y,10.973785,0.9420289855072460
0,Earthquakes,322,139,512,164864,2,[264  58],[52.8 11.6],[26.4  5.8],[13.2  2.9],[2.64 0.58],N,Y,40.220726,0.7482014388489210
0,ECG200,100,100,96,9600,2,[31 69],[ 6.2 13.8],[3.1 6.9],[1.55 3.45],[0.31 0.69],N,Y,9.510273,0.9
0,ECG5000,500,4500,140,70000,5,[292 177  10  19   2],[58.4 35.4  2.   3.8  0.4],[29.2 17.7  1.   1.9  0.2],[14.6   8.85  0.5   0.95  0.1 ],[2.92 1.77 0.1  0.19 0.02],N,N,10.175055,0.94
0,ECGFiveDays,23,861,136,3128,2,[14  9],[2.8 1.8],[1.4 0.9],[0.7  0.45],[0.14 0.09],N,N,10.297207,1.0
0,ElectricDevices,8926,7711,96,856896,7,[ 727 2231  851 1474 2406  509  728],[145.4 446.2 170.2 294.8 481.2 101.8 145.6],[ 72.7 223.1  85.1 147.4 240.6  50.9  72.8],[ 36.35 111.55  42.55  73.7  120.3   25.45  36.4 ],[ 7.27 22.31  8.51 14.74 24.06  5.09  7.28],Y,Y,28.322627,0.7181947866683960
0,EOGHorizontalSignal,362,362,1250,452500,12,[30 30 30 30 30 31 31 30 30 30 30 30],[6.  6.  6.  6.  6.  6.2 6.2 6.  6.  6.  6.  6. ],[3.  3.  3.  3.  3.  3.1 3.1 3.  3.  3.  3.  3. ],[1.5  1.5  1.5  1.5  1.5  1.55 1.55 1.5  1.5  1.5  1.5  1.5 ],[0.3  0.3  0.3  0.3  0.3  0.31 0.31 0.3  0.3  0.3  0.3  0.3 ],N,Y,69.054198,0.5359116022099450
0,EOGVerticalSignal,362,362,1250,452500,12,[30 30 30 30 30 31 31 30 30 30 30 30],[6.  6.  6.  6.  6.  6.2 6.2 6.  6.  6.  6.  6. ],[3.  3.  3.  3.  3.  3.1 3.1 3.  3.  3.  3.  3. ],[1.5  1.5  1.5  1.5  1.5  1.55 1.55 1.5  1.5  1.5  1.5  1.5 ],[0.3  0.3  0.3  0.3  0.3  0.31 0.31 0.3  0.3  0.3  0.3  0.3 ],N,Y,67.176313,0.49171270718232000
0,EthanolLevel,504,500,1751,882504,4,[126 126 126 126],[25.2 25.2 25.2 25.2],[12.6 12.6 12.6 12.6],[6.3 6.3 6.3 6.3],[1.26 1.26 1.26 1.26],N,Y,99.63107500000000,0.444
0,FaceAll,560,1690,131,73360,14,[40 40 40 40 40 40 40 40 40 40 40 40 40 40],[8. 8. 8. 8. 8. 8. 8. 8. 8. 8. 8. 8. 8. 8.],[4. 4. 4. 4. 4. 4. 4. 4. 4. 4. 4. 4. 4. 4.],[2. 2. 2. 2. 2. 2. 2. 2. 2. 2. 2. 2. 2. 2.],[0.4 0.4 0.4 0.4 0.4 0.4 0.4 0.4 0.4 0.4 0.4 0.4 0.4 0.4],N,Y,8.153666,0.7816568047337280
0,FaceFour,24,88,350,8400,4,[8 8 3 5],[1.6 1.6 0.6 1. ],[0.8 0.8 0.3 0.5],[0.4  0.4  0.15 0.25],[0.08 0.08 0.03 0.05],N,N,11.112637,0.9318181818181820
0,FacesUCR,200,2050,131,26200,14,[13 12 10 22 15 13 14 27 12  8  4 11 33  6],[2.6 2.4 2.  4.4 3.  2.6 2.8 5.4 2.4 1.6 0.8 2.2 6.6 1.2],[1.3 1.2 1.  2.2 1.5 1.3 1.4 2.7 1.2 0.8 0.4 1.1 3.3 0.6],[0.65 0.6  0.5  1.1  0.75 0.65 0.7  1.35 0.6  0.4  0.2  0.55 1.65 0.3 ],[0.13 0.12 0.1  0.22 0.15 0.13 0.14 0.27 0.12 0.08 0.04 0.11 0.33 0.06],N,N,7.16928,0.931219512195122
0,FiftyWords,450,455,270,121500,50,"[52 49 33 20 13 15 16 11 11 10 10 13 14  8  7  6  7  8  9  7  7  5  6  4
  2  6  4  6  4  6  3  7  5  3  6  6  5  4  4  4  1  2  4  6  4  4  4  5
  2  2]","[10.4  9.8  6.6  4.   2.6  3.   3.2  2.2  2.2  2.   2.   2.6  2.8  1.6
  1.4  1.2  1.4  1.6  1.8  1.4  1.4  1.   1.2  0.8  0.4  1.2  0.8  1.2
  0.8  1.2  0.6  1.4  1.   0.6  1.2  1.2  1.   0.8  0.8  0.8  0.2  0.4
  0.8  1.2  0.8  0.8  0.8  1.   0.4  0.4]","[5.2 4.9 3.3 2.  1.3 1.5 1.6 1.1 1.1 1.  1.  1.3 1.4 0.8 0.7 0.6 0.7 0.8
 0.9 0.7 0.7 0.5 0.6 0.4 0.2 0.6 0.4 0.6 0.4 0.6 0.3 0.7 0.5 0.3 0.6 0.6
 0.5 0.4 0.4 0.4 0.1 0.2 0.4 0.6 0.4 0.4 0.4 0.5 0.2 0.2]","[2.6  2.45 1.65 1.   0.65 0.75 0.8  0.55 0.55 0.5  0.5  0.65 0.7  0.4
 0.35 0.3  0.35 0.4  0.45 0.35 0.35 0.25 0.3  0.2  0.1  0.3  0.2  0.3
 0.2  0.3  0.15 0.35 0.25 0.15 0.3  0.3  0.25 0.2  0.2  0.2  0.05 0.1
 0.2  0.3  0.2  0.2  0.2  0.25 0.1  0.1 ]","[0.52 0.49 0.33 0.2  0.13 0.15 0.16 0.11 0.11 0.1  0.1  0.13 0.14 0.08
 0.07 0.06 0.07 0.08 0.09 0.07 0.07 0.05 0.06 0.04 0.02 0.06 0.04 0.06
 0.04 0.06 0.03 0.07 0.05 0.03 0.06 0.06 0.05 0.04 0.04 0.04 0.01 0.02
 0.04 0.06 0.04 0.04 0.04 0.05 0.02 0.02]",N,N,29.121084,0.7802197802197800
0,Fish,175,175,463,81025,7,[26 25 28 21 22 25 28],[5.2 5.  5.6 4.2 4.4 5.  5.6],[2.6 2.5 2.8 2.1 2.2 2.5 2.8],[1.3  1.25 1.4  1.05 1.1  1.25 1.4 ],[0.26 0.25 0.28 0.21 0.22 0.25 0.28],N,Y,10.70308,0.9142857142857140
0,FordA,3601,1320,500,1800500,2,[1846 1755],[369.2 351. ],[184.6 175.5],[92.3  87.75],[18.46 17.55],Y,Y,36.15629,0.9356060606060610
0,FordB,3636,810,500,1818000,2,[1860 1776],[372.  355.2],[186.  177.6],[93.  88.8],[18.6  17.76],Y,Y,37.792248,0.7925925925925930
0,FreezerRegularTrain,150,2850,301,45150,2,[75 75],[15. 15.],[7.5 7.5],[3.75 3.75],[0.75 0.75],N,Y,10.12011,0.9859649122807020
0,FreezerSmallTrain,28,2850,301,8428,2,[14 14],[2.8 2.8],[1.4 1.4],[0.7 0.7],[0.14 0.14],N,Y,9.752781,0.8536842105263160
0,Fungi,18,186,201,3618,18,[1 1 1 1 1 1 1 1 1 1 1 1 1 1 1 1 1 1],[0.2 0.2 0.2 0.2 0.2 0.2 0.2 0.2 0.2 0.2 0.2 0.2 0.2 0.2 0.2 0.2 0.2 0.2],[0.1 0.1 0.1 0.1 0.1 0.1 0.1 0.1 0.1 0.1 0.1 0.1 0.1 0.1 0.1 0.1 0.1 0.1],"[0.05 0.05 0.05 0.05 0.05 0.05 0.05 0.05 0.05 0.05 0.05 0.05 0.05 0.05
 0.05 0.05 0.05 0.05]","[0.01 0.01 0.01 0.01 0.01 0.01 0.01 0.01 0.01 0.01 0.01 0.01 0.01 0.01
 0.01 0.01 0.01 0.01]",N,N,8.495156,0.9623655913978500
0,GestureMidAirD1,208,130,360,74880,26,[8 8 8 8 8 8 8 8 8 8 8 8 8 8 8 8 8 8 8 8 8 8 8 8 8 8],"[1.6 1.6 1.6 1.6 1.6 1.6 1.6 1.6 1.6 1.6 1.6 1.6 1.6 1.6 1.6 1.6 1.6 1.6
 1.6 1.6 1.6 1.6 1.6 1.6 1.6 1.6]","[0.8 0.8 0.8 0.8 0.8 0.8 0.8 0.8 0.8 0.8 0.8 0.8 0.8 0.8 0.8 0.8 0.8 0.8
 0.8 0.8 0.8 0.8 0.8 0.8 0.8 0.8]","[0.4 0.4 0.4 0.4 0.4 0.4 0.4 0.4 0.4 0.4 0.4 0.4 0.4 0.4 0.4 0.4 0.4 0.4
 0.4 0.4 0.4 0.4 0.4 0.4 0.4 0.4]","[0.08 0.08 0.08 0.08 0.08 0.08 0.08 0.08 0.08 0.08 0.08 0.08 0.08 0.08
 0.08 0.08 0.08 0.08 0.08 0.08 0.08 0.08 0.08 0.08 0.08 0.08]",N,N,9.954576,0.5230769230769230
0,GestureMidAirD2,208,130,360,74880,26,[8 8 8 8 8 8 8 8 8 8 8 8 8 8 8 8 8 8 8 8 8 8 8 8 8 8],"[1.6 1.6 1.6 1.6 1.6 1.6 1.6 1.6 1.6 1.6 1.6 1.6 1.6 1.6 1.6 1.6 1.6 1.6
 1.6 1.6 1.6 1.6 1.6 1.6 1.6 1.6]","[0.8 0.8 0.8 0.8 0.8 0.8 0.8 0.8 0.8 0.8 0.8 0.8 0.8 0.8 0.8 0.8 0.8 0.8
 0.8 0.8 0.8 0.8 0.8 0.8 0.8 0.8]","[0.4 0.4 0.4 0.4 0.4 0.4 0.4 0.4 0.4 0.4 0.4 0.4 0.4 0.4 0.4 0.4 0.4 0.4
 0.4 0.4 0.4 0.4 0.4 0.4 0.4 0.4]","[0.08 0.08 0.08 0.08 0.08 0.08 0.08 0.08 0.08 0.08 0.08 0.08 0.08 0.08
 0.08 0.08 0.08 0.08 0.08 0.08 0.08 0.08 0.08 0.08 0.08 0.08]",N,N,9.322075,0.5846153846153850
0,GestureMidAirD3,208,130,360,74880,26,[8 8 8 8 8 8 8 8 8 8 8 8 8 8 8 8 8 8 8 8 8 8 8 8 8 8],"[1.6 1.6 1.6 1.6 1.6 1.6 1.6 1.6 1.6 1.6 1.6 1.6 1.6 1.6 1.6 1.6 1.6 1.6
 1.6 1.6 1.6 1.6 1.6 1.6 1.6 1.6]","[0.8 0.8 0.8 0.8 0.8 0.8 0.8 0.8 0.8 0.8 0.8 0.8 0.8 0.8 0.8 0.8 0.8 0.8
 0.8 0.8 0.8 0.8 0.8 0.8 0.8 0.8]","[0.4 0.4 0.4 0.4 0.4 0.4 0.4 0.4 0.4 0.4 0.4 0.4 0.4 0.4 0.4 0.4 0.4 0.4
 0.4 0.4 0.4 0.4 0.4 0.4 0.4 0.4]","[0.08 0.08 0.08 0.08 0.08 0.08 0.08 0.08 0.08 0.08 0.08 0.08 0.08 0.08
 0.08 0.08 0.08 0.08 0.08 0.08 0.08 0.08 0.08 0.08 0.08 0.08]",N,N,9.954951,0.27692307692307700
0,GesturePebbleZ1,132,172,455,60060,6,[21 20 22 22 25 22],[4.2 4.  4.4 4.4 5.  4.4],[2.1 2.  2.2 2.2 2.5 2.2],[1.05 1.   1.1  1.1  1.25 1.1 ],[0.21 0.2  0.22 0.22 0.25 0.22],N,Y,10.024692,0.8488372093023260
0,GesturePebbleZ2,146,158,455,66430,6,[25 23 24 24 24 26],[5.  4.6 4.8 4.8 4.8 5.2],[2.5 2.3 2.4 2.4 2.4 2.6],[1.25 1.15 1.2  1.2  1.2  1.3 ],[0.25 0.23 0.24 0.24 0.24 0.26],N,Y,11.134406,0.8481012658227850
0,GunPoint,50,150,150,7500,2,[24 26],[4.8 5.2],[2.4 2.6],[1.2 1.3],[0.24 0.26],N,Y,10.531202,0.98
0,GunPointAgeSpan,135,316,150,20250,2,[68 67],[13.6 13.4],[6.8 6.7],[3.4  3.35],[0.68 0.67],N,Y,7.612139,0.9873417721518990
0,GunPointMaleVersusFemale,135,316,150,20250,2,[71 64],[14.2 12.8],[7.1 6.4],[3.55 3.2 ],[0.71 0.64],N,Y,7.957665,1.0
0,GunPointOldVersusYoung,136,315,150,20400,2,[65 71],[13.  14.2],[6.5 7.1],[3.25 3.55],[0.65 0.71],N,Y,7.939186,1.0
0,Ham,109,105,431,46979,2,[52 57],[10.4 11.4],[5.2 5.7],[2.6  2.85],[0.52 0.57],N,Y,13.547605,0.6666666666666670
0,HandOutlines,1000,370,2709,2709000,2,[362 638],[ 72.4 127.6],[36.2 63.8],[18.1 31.9],[3.62 6.38],Y,Y,198.092887,0.9135135135135140
0,Haptics,155,308,1092,169260,5,[18 34 34 36 33],[3.6 6.8 6.8 7.2 6.6],[1.8 3.4 3.4 3.6 3.3],[0.9  1.7  1.7  1.8  1.65],[0.18 0.34 0.34 0.36 0.33],N,Y,70.426252,0.5194805194805190
0,Herring,64,64,512,32768,2,[39 25],[7.8 5. ],[3.9 2.5],[1.95 1.25],[0.39 0.25],N,Y,14.599058,0.640625
0,HouseTwenty,40,119,2000,80000,2,[20 20],[4. 4.],[2. 2.],[1. 1.],[0.2 0.2],N,Y,37.156003,0.907563025210084
0,InlineSkate,100,550,1882,188200,7,[ 9 14 18 18 16 14 11],[1.8 2.8 3.6 3.6 3.2 2.8 2.2],[0.9 1.4 1.8 1.8 1.6 1.4 1.1],[0.45 0.7  0.9  0.9  0.8  0.7  0.55],[0.09 0.14 0.18 0.18 0.16 0.14 0.11],N,Y,125.601408,0.3927272727272730
0,InsectEPGRegularTrain,62,249,601,37262,3,[22 30 10],[4.4 6.  2. ],[2.2 3.  1. ],[1.1 1.5 0.5],[0.22 0.3  0.1 ],N,N,12.020806,1.0
0,InsectEPGSmallTrain,17,249,601,10217,3,[6 8 3],[1.2 1.6 0.6],[0.6 0.8 0.3],[0.3  0.4  0.15],[0.06 0.08 0.03],N,N,12.95097,1.0
0,InsectWingbeatSound,220,1980,256,56320,11,[20 20 20 20 20 20 20 20 20 20 20],[4. 4. 4. 4. 4. 4. 4. 4. 4. 4. 4.],[2. 2. 2. 2. 2. 2. 2. 2. 2. 2. 2.],[1. 1. 1. 1. 1. 1. 1. 1. 1. 1. 1.],[0.2 0.2 0.2 0.2 0.2 0.2 0.2 0.2 0.2 0.2 0.2],N,Y,12.019128,0.6090909090909090
0,ItalyPowerDemand,67,1029,24,1608,2,[34 33],[6.8 6.6],[3.4 3.3],[1.7  1.65],[0.34 0.33],N,Y,10.093508,0.9611273080660840
0,LargeKitchenAppliances,375,375,720,270000,3,[125 125 125],[25. 25. 25.],[12.5 12.5 12.5],[6.25 6.25 6.25],[1.25 1.25 1.25],N,Y,53.228941,0.8693333333333330
0,Lightning2,60,61,637,38220,2,[20 40],[4. 8.],[2. 4.],[1. 2.],[0.2 0.4],N,Y,16.540038,0.8032786885245900
0,Lightning7,70,73,319,22330,7,[ 8  8  8 12  5 19 10],[1.6 1.6 1.6 2.4 1.  3.8 2. ],[0.8 0.8 0.8 1.2 0.5 1.9 1. ],[0.4  0.4  0.4  0.6  0.25 0.95 0.5 ],[0.08 0.08 0.08 0.12 0.05 0.19 0.1 ],N,N,11.888904,0.8493150684931510
0,Mallat,55,2345,1024,56320,8,[ 6  8  6 11  2  6  9  7],[1.2 1.6 1.2 2.2 0.4 1.2 1.8 1.4],[0.6 0.8 0.6 1.1 0.2 0.6 0.9 0.7],[0.3  0.4  0.3  0.55 0.1  0.3  0.45 0.35],[0.06 0.08 0.06 0.11 0.02 0.06 0.09 0.07],N,N,22.489903,0.8656716417910450
0,Meat,60,60,448,26880,3,[20 20 20],[4. 4. 4.],[2. 2. 2.],[1. 1. 1.],[0.2 0.2 0.2],N,Y,13.19764,0.9333333333333330
0,MedicalImages,381,760,99,37719,10,[ 35  15  25  16  10   7  18   6  46 203],[ 7.   3.   5.   3.2  2.   1.4  3.6  1.2  9.2 40.6],[ 3.5  1.5  2.5  1.6  1.   0.7  1.8  0.6  4.6 20.3],[ 1.75  0.75  1.25  0.8   0.5   0.35  0.9   0.3   2.3  10.15],[0.35 0.15 0.25 0.16 0.1  0.07 0.18 0.06 0.46 2.03],N,Y,9.938001,0.7973684210526320
0,MelbournePedestrian,1194,2439,24,28656,10,[120 120 120 120 120 120 120 115 119 120],[24.  24.  24.  24.  24.  24.  24.  23.  23.8 24. ],[12.  12.  12.  12.  12.  12.  12.  11.5 11.9 12. ],[6.   6.   6.   6.   6.   6.   6.   5.75 5.95 6.  ],[1.2  1.2  1.2  1.2  1.2  1.2  1.2  1.15 1.19 1.2 ],N,Y,6.303886,0.9626896268962690
0,MiddlePhalanxOutlineAgeGroup,400,154,80,32000,3,[ 55 108 237],[11.  21.6 47.4],[ 5.5 10.8 23.7],[ 2.75  5.4  11.85],[0.55 1.08 2.37],N,Y,8.975643,0.6428571428571430
0,MiddlePhalanxOutlineCorrect,600,291,80,48000,2,[212 388],[42.4 77.6],[21.2 38.8],[10.6 19.4],[2.12 3.88],Y,Y,10.707967,0.7903780068728520
0,MiddlePhalanxTW,399,154,80,31920,6,[ 57  84  43  30  25 160],[11.4 16.8  8.6  6.   5.  32. ],[ 5.7  8.4  4.3  3.   2.5 16. ],[2.85 4.2  2.15 1.5  1.25 8.  ],[0.57 0.84 0.43 0.3  0.25 1.6 ],N,Y,10.060737,0.5714285714285710
0,MixedShapesRegularTrain,500,2425,1024,512000,5,[100 100 100 100 100],[20. 20. 20. 20. 20.],[10. 10. 10. 10. 10.],[5. 5. 5. 5. 5.],[1. 1. 1. 1. 1.],N,Y,55.504541,0.9204123711340210
0,MixedShapesSmallTrain,100,2425,1024,102400,5,[20 20 20 20 20],[4. 4. 4. 4. 4.],[2. 2. 2. 2. 2.],[1. 1. 1. 1. 1.],[0.2 0.2 0.2 0.2 0.2],N,Y,54.117414,0.8630927835051550
0,MoteStrain,20,1252,84,1680,2,[10 10],[2. 2.],[1. 1.],[0.5 0.5],[0.1 0.1],N,Y,9.288924,0.8562300319488820
0,NonInvasiveFetalECGThorax1,1800,1965,750,1350000,42,"[36 52 45 40 48 44 36 50 46 56 36 39 46 42 40 39 52 45 40 49 43 40 35 41
 41 37 47 40 47 40 43 41 37 52 45 40 37 41 43 45 39 45]","[ 7.2 10.4  9.   8.   9.6  8.8  7.2 10.   9.2 11.2  7.2  7.8  9.2  8.4
  8.   7.8 10.4  9.   8.   9.8  8.6  8.   7.   8.2  8.2  7.4  9.4  8.
  9.4  8.   8.6  8.2  7.4 10.4  9.   8.   7.4  8.2  8.6  9.   7.8  9. ]","[3.6 5.2 4.5 4.  4.8 4.4 3.6 5.  4.6 5.6 3.6 3.9 4.6 4.2 4.  3.9 5.2 4.5
 4.  4.9 4.3 4.  3.5 4.1 4.1 3.7 4.7 4.  4.7 4.  4.3 4.1 3.7 5.2 4.5 4.
 3.7 4.1 4.3 4.5 3.9 4.5]","[1.8  2.6  2.25 2.   2.4  2.2  1.8  2.5  2.3  2.8  1.8  1.95 2.3  2.1
 2.   1.95 2.6  2.25 2.   2.45 2.15 2.   1.75 2.05 2.05 1.85 2.35 2.
 2.35 2.   2.15 2.05 1.85 2.6  2.25 2.   1.85 2.05 2.15 2.25 1.95 2.25]","[0.36 0.52 0.45 0.4  0.48 0.44 0.36 0.5  0.46 0.56 0.36 0.39 0.46 0.42
 0.4  0.39 0.52 0.45 0.4  0.49 0.43 0.4  0.35 0.41 0.41 0.37 0.47 0.4
 0.47 0.4  0.43 0.41 0.37 0.52 0.45 0.4  0.37 0.41 0.43 0.45 0.39 0.45]",N,Y,54.542227,0.9195928753180660
0,NonInvasiveFetalECGThorax2,1800,1965,750,1350000,42,"[36 52 45 40 48 44 36 50 46 56 36 39 46 42 40 39 52 45 40 49 43 40 35 41
 41 37 47 40 47 40 43 41 37 52 45 40 37 41 43 45 39 45]","[ 7.2 10.4  9.   8.   9.6  8.8  7.2 10.   9.2 11.2  7.2  7.8  9.2  8.4
  8.   7.8 10.4  9.   8.   9.8  8.6  8.   7.   8.2  8.2  7.4  9.4  8.
  9.4  8.   8.6  8.2  7.4 10.4  9.   8.   7.4  8.2  8.6  9.   7.8  9. ]","[3.6 5.2 4.5 4.  4.8 4.4 3.6 5.  4.6 5.6 3.6 3.9 4.6 4.2 4.  3.9 5.2 4.5
 4.  4.9 4.3 4.  3.5 4.1 4.1 3.7 4.7 4.  4.7 4.  4.3 4.1 3.7 5.2 4.5 4.
 3.7 4.1 4.3 4.5 3.9 4.5]","[1.8  2.6  2.25 2.   2.4  2.2  1.8  2.5  2.3  2.8  1.8  1.95 2.3  2.1
 2.   1.95 2.6  2.25 2.   2.45 2.15 2.   1.75 2.05 2.05 1.85 2.35 2.
 2.35 2.   2.15 2.05 1.85 2.6  2.25 2.   1.85 2.05 2.15 2.25 1.95 2.25]","[0.36 0.52 0.45 0.4  0.48 0.44 0.36 0.5  0.46 0.56 0.36 0.39 0.46 0.42
 0.4  0.39 0.52 0.45 0.4  0.49 0.43 0.4  0.35 0.41 0.41 0.37 0.47 0.4
 0.47 0.4  0.43 0.41 0.37 0.52 0.45 0.4  0.37 0.41 0.43 0.45 0.39 0.45]",N,Y,56.054543,0.9348600508905850
0,OliveOil,30,30,570,17100,4,[ 5  8  4 13],[1.  1.6 0.8 2.6],[0.5 0.8 0.4 1.3],[0.25 0.4  0.2  0.65],[0.05 0.08 0.04 0.13],N,N,15.54216,0.9333333333333330
0,OSULeaf,200,242,427,85400,6,[34 29 33 53 36 15],[ 6.8  5.8  6.6 10.6  7.2  3. ],[3.4 2.9 3.3 5.3 3.6 1.5],[1.7  1.45 1.65 2.65 1.8  0.75],[0.34 0.29 0.33 0.53 0.36 0.15],N,Y,14.062688,0.8512396694214880
0,PhalangesOutlinesCorrect,1800,858,80,144000,2,[ 628 1172],[125.6 234.4],[ 62.8 117.2],[31.4 58.6],[ 6.28 11.72],Y,Y,32.27769,0.824009324009324
0,Phoneme,214,1896,1024,219136,39,"[ 4  5 24  3  1  3  5  1  8  1  7  7  4  4  3  2 11  8  2 10 13  7 15  2
  3  1  6 11 12  3 15  1  1  2  3  2  1  2  1]","[0.8 1.  4.8 0.6 0.2 0.6 1.  0.2 1.6 0.2 1.4 1.4 0.8 0.8 0.6 0.4 2.2 1.6
 0.4 2.  2.6 1.4 3.  0.4 0.6 0.2 1.2 2.2 2.4 0.6 3.  0.2 0.2 0.4 0.6 0.4
 0.2 0.4 0.2]","[0.4 0.5 2.4 0.3 0.1 0.3 0.5 0.1 0.8 0.1 0.7 0.7 0.4 0.4 0.3 0.2 1.1 0.8
 0.2 1.  1.3 0.7 1.5 0.2 0.3 0.1 0.6 1.1 1.2 0.3 1.5 0.1 0.1 0.2 0.3 0.2
 0.1 0.2 0.1]","[0.2  0.25 1.2  0.15 0.05 0.15 0.25 0.05 0.4  0.05 0.35 0.35 0.2  0.2
 0.15 0.1  0.55 0.4  0.1  0.5  0.65 0.35 0.75 0.1  0.15 0.05 0.3  0.55
 0.6  0.15 0.75 0.05 0.05 0.1  0.15 0.1  0.05 0.1  0.05]","[0.04 0.05 0.24 0.03 0.01 0.03 0.05 0.01 0.08 0.01 0.07 0.07 0.04 0.04
 0.03 0.02 0.11 0.08 0.02 0.1  0.13 0.07 0.15 0.02 0.03 0.01 0.06 0.11
 0.12 0.03 0.15 0.01 0.01 0.02 0.03 0.02 0.01 0.02 0.01]",N,N,69.777063,0.30116033755274300
0,PickupGestureWiimoteZ,50,50,361,18050,10,[5 5 5 5 5 5 5 5 5 5],[1. 1. 1. 1. 1. 1. 1. 1. 1. 1.],[0.5 0.5 0.5 0.5 0.5 0.5 0.5 0.5 0.5 0.5],[0.25 0.25 0.25 0.25 0.25 0.25 0.25 0.25 0.25 0.25],[0.05 0.05 0.05 0.05 0.05 0.05 0.05 0.05 0.05 0.05],N,N,9.916533,0.74
0,PigAirwayPressure,104,208,2000,208000,52,"[2 2 2 2 2 2 2 2 2 2 2 2 2 2 2 2 2 2 2 2 2 2 2 2 2 2 2 2 2 2 2 2 2 2 2 2 2
 2 2 2 2 2 2 2 2 2 2 2 2 2 2 2]","[0.4 0.4 0.4 0.4 0.4 0.4 0.4 0.4 0.4 0.4 0.4 0.4 0.4 0.4 0.4 0.4 0.4 0.4
 0.4 0.4 0.4 0.4 0.4 0.4 0.4 0.4 0.4 0.4 0.4 0.4 0.4 0.4 0.4 0.4 0.4 0.4
 0.4 0.4 0.4 0.4 0.4 0.4 0.4 0.4 0.4 0.4 0.4 0.4 0.4 0.4 0.4 0.4]","[0.2 0.2 0.2 0.2 0.2 0.2 0.2 0.2 0.2 0.2 0.2 0.2 0.2 0.2 0.2 0.2 0.2 0.2
 0.2 0.2 0.2 0.2 0.2 0.2 0.2 0.2 0.2 0.2 0.2 0.2 0.2 0.2 0.2 0.2 0.2 0.2
 0.2 0.2 0.2 0.2 0.2 0.2 0.2 0.2 0.2 0.2 0.2 0.2 0.2 0.2 0.2 0.2]","[0.1 0.1 0.1 0.1 0.1 0.1 0.1 0.1 0.1 0.1 0.1 0.1 0.1 0.1 0.1 0.1 0.1 0.1
 0.1 0.1 0.1 0.1 0.1 0.1 0.1 0.1 0.1 0.1 0.1 0.1 0.1 0.1 0.1 0.1 0.1 0.1
 0.1 0.1 0.1 0.1 0.1 0.1 0.1 0.1 0.1 0.1 0.1 0.1 0.1 0.1 0.1 0.1]","[0.02 0.02 0.02 0.02 0.02 0.02 0.02 0.02 0.02 0.02 0.02 0.02 0.02 0.02
 0.02 0.02 0.02 0.02 0.02 0.02 0.02 0.02 0.02 0.02 0.02 0.02 0.02 0.02
 0.02 0.02 0.02 0.02 0.02 0.02 0.02 0.02 0.02 0.02 0.02 0.02 0.02 0.02
 0.02 0.02 0.02 0.02 0.02 0.02 0.02 0.02 0.02 0.02]",N,N,115.81280100000000,0.6971153846153850
0,PigArtPressure,104,208,2000,208000,52,"[2 2 2 2 2 2 2 2 2 2 2 2 2 2 2 2 2 2 2 2 2 2 2 2 2 2 2 2 2 2 2 2 2 2 2 2 2
 2 2 2 2 2 2 2 2 2 2 2 2 2 2 2]","[0.4 0.4 0.4 0.4 0.4 0.4 0.4 0.4 0.4 0.4 0.4 0.4 0.4 0.4 0.4 0.4 0.4 0.4
 0.4 0.4 0.4 0.4 0.4 0.4 0.4 0.4 0.4 0.4 0.4 0.4 0.4 0.4 0.4 0.4 0.4 0.4
 0.4 0.4 0.4 0.4 0.4 0.4 0.4 0.4 0.4 0.4 0.4 0.4 0.4 0.4 0.4 0.4]","[0.2 0.2 0.2 0.2 0.2 0.2 0.2 0.2 0.2 0.2 0.2 0.2 0.2 0.2 0.2 0.2 0.2 0.2
 0.2 0.2 0.2 0.2 0.2 0.2 0.2 0.2 0.2 0.2 0.2 0.2 0.2 0.2 0.2 0.2 0.2 0.2
 0.2 0.2 0.2 0.2 0.2 0.2 0.2 0.2 0.2 0.2 0.2 0.2 0.2 0.2 0.2 0.2]","[0.1 0.1 0.1 0.1 0.1 0.1 0.1 0.1 0.1 0.1 0.1 0.1 0.1 0.1 0.1 0.1 0.1 0.1
 0.1 0.1 0.1 0.1 0.1 0.1 0.1 0.1 0.1 0.1 0.1 0.1 0.1 0.1 0.1 0.1 0.1 0.1
 0.1 0.1 0.1 0.1 0.1 0.1 0.1 0.1 0.1 0.1 0.1 0.1 0.1 0.1 0.1 0.1]","[0.02 0.02 0.02 0.02 0.02 0.02 0.02 0.02 0.02 0.02 0.02 0.02 0.02 0.02
 0.02 0.02 0.02 0.02 0.02 0.02 0.02 0.02 0.02 0.02 0.02 0.02 0.02 0.02
 0.02 0.02 0.02 0.02 0.02 0.02 0.02 0.02 0.02 0.02 0.02 0.02 0.02 0.02
 0.02 0.02 0.02 0.02 0.02 0.02 0.02 0.02 0.02 0.02]",N,N,117.465159,0.9615384615384620
0,PigCVP,104,208,2000,208000,52,"[2 2 2 2 2 2 2 2 2 2 2 2 2 2 2 2 2 2 2 2 2 2 2 2 2 2 2 2 2 2 2 2 2 2 2 2 2
 2 2 2 2 2 2 2 2 2 2 2 2 2 2 2]","[0.4 0.4 0.4 0.4 0.4 0.4 0.4 0.4 0.4 0.4 0.4 0.4 0.4 0.4 0.4 0.4 0.4 0.4
 0.4 0.4 0.4 0.4 0.4 0.4 0.4 0.4 0.4 0.4 0.4 0.4 0.4 0.4 0.4 0.4 0.4 0.4
 0.4 0.4 0.4 0.4 0.4 0.4 0.4 0.4 0.4 0.4 0.4 0.4 0.4 0.4 0.4 0.4]","[0.2 0.2 0.2 0.2 0.2 0.2 0.2 0.2 0.2 0.2 0.2 0.2 0.2 0.2 0.2 0.2 0.2 0.2
 0.2 0.2 0.2 0.2 0.2 0.2 0.2 0.2 0.2 0.2 0.2 0.2 0.2 0.2 0.2 0.2 0.2 0.2
 0.2 0.2 0.2 0.2 0.2 0.2 0.2 0.2 0.2 0.2 0.2 0.2 0.2 0.2 0.2 0.2]","[0.1 0.1 0.1 0.1 0.1 0.1 0.1 0.1 0.1 0.1 0.1 0.1 0.1 0.1 0.1 0.1 0.1 0.1
 0.1 0.1 0.1 0.1 0.1 0.1 0.1 0.1 0.1 0.1 0.1 0.1 0.1 0.1 0.1 0.1 0.1 0.1
 0.1 0.1 0.1 0.1 0.1 0.1 0.1 0.1 0.1 0.1 0.1 0.1 0.1 0.1 0.1 0.1]","[0.02 0.02 0.02 0.02 0.02 0.02 0.02 0.02 0.02 0.02 0.02 0.02 0.02 0.02
 0.02 0.02 0.02 0.02 0.02 0.02 0.02 0.02 0.02 0.02 0.02 0.02 0.02 0.02
 0.02 0.02 0.02 0.02 0.02 0.02 0.02 0.02 0.02 0.02 0.02 0.02 0.02 0.02
 0.02 0.02 0.02 0.02 0.02 0.02 0.02 0.02 0.02 0.02]",N,N,116.556195,0.8509615384615380
0,PLAID,537,537,1344,721728,11,[33 88 57 19 78 18 57 86 69 19 13],[ 6.6 17.6 11.4  3.8 15.6  3.6 11.4 17.2 13.8  3.8  2.6],[3.3 8.8 5.7 1.9 7.8 1.8 5.7 8.6 6.9 1.9 1.3],[1.65 4.4  2.85 0.95 3.9  0.9  2.85 4.3  3.45 0.95 0.65],[0.33 0.88 0.57 0.19 0.78 0.18 0.57 0.86 0.69 0.19 0.13],N,Y,77.793679,0.5623836126629420
0,Plane,105,105,144,15120,7,[15 14  9 16 13 18 20],[3.  2.8 1.8 3.2 2.6 3.6 4. ],[1.5 1.4 0.9 1.6 1.3 1.8 2. ],[0.75 0.7  0.45 0.8  0.65 0.9  1.  ],[0.15 0.14 0.09 0.16 0.13 0.18 0.2 ],N,Y,11.911649,0.9904761904761910
0,PowerCons,180,180,144,25920,2,[90 90],[18. 18.],[9. 9.],[4.5 4.5],[0.9 0.9],N,Y,9.005328,0.9722222222222220
0,ProximalPhalanxOutlineAgeGroup,400,205,80,32000,3,[ 72 139 189],[14.4 27.8 37.8],[ 7.2 13.9 18.9],[3.6  6.95 9.45],[0.72 1.39 1.89],N,Y,9.782627,0.8390243902439020
0,ProximalPhalanxOutlineCorrect,600,291,80,48000,2,[194 406],[38.8 81.2],[19.4 40.6],[ 9.7 20.3],[1.94 4.06],Y,Y,10.396768,0.8969072164948450
0,ProximalPhalanxTW,400,205,80,32000,6,[ 16 109  58  20  17 180],[ 3.2 21.8 11.6  4.   3.4 36. ],[ 1.6 10.9  5.8  2.   1.7 18. ],[0.8  5.45 2.9  1.   0.85 9.  ],[0.16 1.09 0.58 0.2  0.17 1.8 ],N,Y,9.160426,0.7707317073170730
0,RefrigerationDevices,375,375,720,270000,3,[125 125 125],[25. 25. 25.],[12.5 12.5 12.5],[6.25 6.25 6.25],[1.25 1.25 1.25],N,Y,54.954801,0.592
0,Rock,20,50,2844,56880,4,[5 5 5 5],[1. 1. 1. 1.],[0.5 0.5 0.5 0.5],[0.25 0.25 0.25 0.25],[0.05 0.05 0.05 0.05],N,N,64.566076,0.74
0,ScreenType,375,375,720,270000,3,[125 125 125],[25. 25. 25.],[12.5 12.5 12.5],[6.25 6.25 6.25],[1.25 1.25 1.25],N,Y,54.722051,0.416
0,SemgHandGenderCh2,300,600,1500,450000,2,[150 150],[30. 30.],[15. 15.],[7.5 7.5],[1.5 1.5],N,Y,85.581779,0.96
0,SemgHandMovementCh2,450,450,1500,675000,6,[75 75 75 75 75 75],[15. 15. 15. 15. 15. 15.],[7.5 7.5 7.5 7.5 7.5 7.5],[3.75 3.75 3.75 3.75 3.75 3.75],[0.75 0.75 0.75 0.75 0.75 0.75],N,Y,90.252281,0.8688888888888890
0,SemgHandSubjectCh2,450,450,1500,675000,5,[90 90 90 90 90],[18. 18. 18. 18. 18.],[9. 9. 9. 9. 9.],[4.5 4.5 4.5 4.5 4.5],[0.9 0.9 0.9 0.9 0.9],N,Y,89.866174,0.9244444444444440
0,ShakeGestureWiimoteZ,50,50,385,19250,10,[5 5 5 5 5 5 5 5 5 5],[1. 1. 1. 1. 1. 1. 1. 1. 1. 1.],[0.5 0.5 0.5 0.5 0.5 0.5 0.5 0.5 0.5 0.5],[0.25 0.25 0.25 0.25 0.25 0.25 0.25 0.25 0.25 0.25],[0.05 0.05 0.05 0.05 0.05 0.05 0.05 0.05 0.05 0.05],N,N,12.044268,0.9
0,ShapeletSim,20,180,500,10000,2,[10 10],[2. 2.],[1. 1.],[0.5 0.5],[0.1 0.1],N,Y,15.98633,0.9555555555555560
0,ShapesAll,600,600,512,307200,60,"[10 10 10 10 10 10 10 10 10 10 10 10 10 10 10 10 10 10 10 10 10 10 10 10
 10 10 10 10 10 10 10 10 10 10 10 10 10 10 10 10 10 10 10 10 10 10 10 10
 10 10 10 10 10 10 10 10 10 10 10 10]","[2. 2. 2. 2. 2. 2. 2. 2. 2. 2. 2. 2. 2. 2. 2. 2. 2. 2. 2. 2. 2. 2. 2. 2.
 2. 2. 2. 2. 2. 2. 2. 2. 2. 2. 2. 2. 2. 2. 2. 2. 2. 2. 2. 2. 2. 2. 2. 2.
 2. 2. 2. 2. 2. 2. 2. 2. 2. 2. 2. 2.]","[1. 1. 1. 1. 1. 1. 1. 1. 1. 1. 1. 1. 1. 1. 1. 1. 1. 1. 1. 1. 1. 1. 1. 1.
 1. 1. 1. 1. 1. 1. 1. 1. 1. 1. 1. 1. 1. 1. 1. 1. 1. 1. 1. 1. 1. 1. 1. 1.
 1. 1. 1. 1. 1. 1. 1. 1. 1. 1. 1. 1.]","[0.5 0.5 0.5 0.5 0.5 0.5 0.5 0.5 0.5 0.5 0.5 0.5 0.5 0.5 0.5 0.5 0.5 0.5
 0.5 0.5 0.5 0.5 0.5 0.5 0.5 0.5 0.5 0.5 0.5 0.5 0.5 0.5 0.5 0.5 0.5 0.5
 0.5 0.5 0.5 0.5 0.5 0.5 0.5 0.5 0.5 0.5 0.5 0.5 0.5 0.5 0.5 0.5 0.5 0.5
 0.5 0.5 0.5 0.5 0.5 0.5]","[0.1 0.1 0.1 0.1 0.1 0.1 0.1 0.1 0.1 0.1 0.1 0.1 0.1 0.1 0.1 0.1 0.1 0.1
 0.1 0.1 0.1 0.1 0.1 0.1 0.1 0.1 0.1 0.1 0.1 0.1 0.1 0.1 0.1 0.1 0.1 0.1
 0.1 0.1 0.1 0.1 0.1 0.1 0.1 0.1 0.1 0.1 0.1 0.1 0.1 0.1 0.1 0.1 0.1 0.1
 0.1 0.1 0.1 0.1 0.1 0.1]",N,Y,46.194649,0.8933333333333330
0,SmallKitchenAppliances,375,375,720,270000,3,[125 125 125],[25. 25. 25.],[12.5 12.5 12.5],[6.25 6.25 6.25],[1.25 1.25 1.25],N,Y,55.718967,0.744
0,SmoothSubspace,150,150,15,2250,3,[50 50 50],[10. 10. 10.],[5. 5. 5.],[2.5 2.5 2.5],[0.5 0.5 0.5],N,Y,8.498359,0.9933333333333330
0,SonyAIBORobotSurface1,20,601,70,1400,2,[ 6 14],[1.2 2.8],[0.6 1.4],[0.3 0.7],[0.06 0.14],N,N,10.892073,0.8951747088186360
0,SonyAIBORobotSurface2,27,953,65,1755,2,[11 16],[2.2 3.2],[1.1 1.6],[0.55 0.8 ],[0.11 0.16],N,Y,9.470905,0.8856243441762850
0,StarLightCurves,1000,8236,1024,1024000,3,[152 275 573],[ 30.4  55.  114.6],[15.2 27.5 57.3],[ 7.6  13.75 28.65],[1.52 2.75 5.73],Y,Y,71.637279,0.9685526954832440
0,Strawberry,613,370,235,144055,2,[219 394],[43.8 78.8],[21.9 39.4],[10.95 19.7 ],[2.19 3.94],Y,Y,35.910091,0.9594594594594590
0,SwedishLeaf,500,625,128,64000,15,[29 36 35 36 33 30 28 31 33 26 35 38 33 42 35],[5.8 7.2 7.  7.2 6.6 6.  5.6 6.2 6.6 5.2 7.  7.6 6.6 8.4 7. ],[2.9 3.6 3.5 3.6 3.3 3.  2.8 3.1 3.3 2.6 3.5 3.8 3.3 4.2 3.5],"[1.45 1.8  1.75 1.8  1.65 1.5  1.4  1.55 1.65 1.3  1.75 1.9  1.65 2.1
 1.75]","[0.29 0.36 0.35 0.36 0.33 0.3  0.28 0.31 0.33 0.26 0.35 0.38 0.33 0.42
 0.35]",N,Y,11.853642,0.944
0,Symbols,25,995,398,9950,6,[8 5 3 3 3 3],[1.6 1.  0.6 0.6 0.6 0.6],[0.8 0.5 0.3 0.3 0.3 0.3],[0.4  0.25 0.15 0.15 0.15 0.15],[0.08 0.05 0.03 0.03 0.03 0.03],N,N,13.735852,0.9618090452261310
0,SyntheticControl,300,300,60,18000,6,[50 50 50 50 50 50],[10. 10. 10. 10. 10. 10.],[5. 5. 5. 5. 5. 5.],[2.5 2.5 2.5 2.5 2.5 2.5],[0.5 0.5 0.5 0.5 0.5 0.5],N,Y,11.163617,0.9966666666666670
0,ToeSegmentation1,40,228,277,11080,2,[20 20],[4. 4.],[2. 2.],[1. 1.],[0.2 0.2],N,Y,12.685867,0.9166666666666670
0,ToeSegmentation2,36,130,343,12348,2,[18 18],[3.6 3.6],[1.8 1.8],[0.9 0.9],[0.18 0.18],N,N,13.264108,0.8846153846153850
0,Trace,100,100,275,27500,4,[26 21 22 31],[5.2 4.2 4.4 6.2],[2.6 2.1 2.2 3.1],[1.3  1.05 1.1  1.55],[0.26 0.21 0.22 0.31],N,Y,12.842798,1.0
0,TwoLeadECG,23,1139,82,1886,2,[12 11],[2.4 2.2],[1.2 1.1],[0.6  0.55],[0.12 0.11],N,Y,10.902065,0.9841966637401230
0,TwoPatterns,1000,4000,128,128000,4,[271 237 250 242],[54.2 47.4 50.  48.4],[27.1 23.7 25.  24.2],[13.55 11.85 12.5  12.1 ],[2.71 2.37 2.5  2.42],Y,Y,30.792157,1.0
0,UMD,36,144,150,5400,3,[12 12 12],[2.4 2.4 2.4],[1.2 1.2 1.2],[0.6 0.6 0.6],[0.12 0.12 0.12],N,Y,10.139209,0.9861111111111110
0,UWaveGestureLibraryAll,896,3582,945,846720,8,[122 108 106 110 127 111 112 100],[24.4 21.6 21.2 22.  25.4 22.2 22.4 20. ],[12.2 10.8 10.6 11.  12.7 11.1 11.2 10. ],[6.1  5.4  5.3  5.5  6.35 5.55 5.6  5.  ],[1.22 1.08 1.06 1.1  1.27 1.11 1.12 1.  ],N,Y,55.346339,0.931323283082077
0,UWaveGestureLibraryX,896,3582,315,282240,8,[122 108 106 110 127 111 112 100],[24.4 21.6 21.2 22.  25.4 22.2 22.4 20. ],[12.2 10.8 10.6 11.  12.7 11.1 11.2 10. ],[6.1  5.4  5.3  5.5  6.35 5.55 5.6  5.  ],[1.22 1.08 1.06 1.1  1.27 1.11 1.12 1.  ],N,Y,39.591424,0.8059743160245670
0,UWaveGestureLibraryY,896,3582,315,282240,8,[122 108 106 110 127 111 112 100],[24.4 21.6 21.2 22.  25.4 22.2 22.4 20. ],[12.2 10.8 10.6 11.  12.7 11.1 11.2 10. ],[6.1  5.4  5.3  5.5  6.35 5.55 5.6  5.  ],[1.22 1.08 1.06 1.1  1.27 1.11 1.12 1.  ],N,Y,37.745277,0.7199888330541600
0,UWaveGestureLibraryZ,896,3582,315,282240,8,[122 108 106 110 127 111 112 100],[24.4 21.6 21.2 22.  25.4 22.2 22.4 20. ],[12.2 10.8 10.6 11.  12.7 11.1 11.2 10. ],[6.1  5.4  5.3  5.5  6.35 5.55 5.6  5.  ],[1.22 1.08 1.06 1.1  1.27 1.11 1.12 1.  ],N,Y,39.75018,0.7674483528754890
0,Wafer,1000,6164,152,152000,2,[ 97 903],[ 19.4 180.6],[ 9.7 90.3],[ 4.85 45.15],[0.97 9.03],Y,Y,27.356909,0.9972420506164830
0,Wine,57,54,234,13338,2,[30 27],[6.  5.4],[3.  2.7],[1.5  1.35],[0.3  0.27],N,Y,9.076382,0.8518518518518520
0,WordSynonyms,267,638,270,72090,25,"[ 6 60  5 35  5 17  4 24  6 12  6  8  3 10  4 14  5  5  4  7  4  8  6  7
  2]","[ 1.2 12.   1.   7.   1.   3.4  0.8  4.8  1.2  2.4  1.2  1.6  0.6  2.
  0.8  2.8  1.   1.   0.8  1.4  0.8  1.6  1.2  1.4  0.4]","[0.6 6.  0.5 3.5 0.5 1.7 0.4 2.4 0.6 1.2 0.6 0.8 0.3 1.  0.4 1.4 0.5 0.5
 0.4 0.7 0.4 0.8 0.6 0.7 0.2]","[0.3  3.   0.25 1.75 0.25 0.85 0.2  1.2  0.3  0.6  0.3  0.4  0.15 0.5
 0.2  0.7  0.25 0.25 0.2  0.35 0.2  0.4  0.3  0.35 0.1 ]","[0.06 0.6  0.05 0.35 0.05 0.17 0.04 0.24 0.06 0.12 0.06 0.08 0.03 0.1
 0.04 0.14 0.05 0.05 0.04 0.07 0.04 0.08 0.06 0.07 0.02]",N,N,9.596859,0.6912225705329150
0,Worms,181,77,900,162900,5,[76 31 25 32 17],[15.2  6.2  5.   6.4  3.4],[7.6 3.1 2.5 3.2 1.7],[3.8  1.55 1.25 1.6  0.85],[0.76 0.31 0.25 0.32 0.17],N,Y,51.973314,0.7012987012987010
0,WormsTwoClass,181,77,900,162900,2,[ 76 105],[15.2 21. ],[ 7.6 10.5],[3.8  5.25],[0.76 1.05],N,Y,51.800683,0.7792207792207790
0,Yoga,300,3000,426,127800,2,[137 163],[27.4 32.6],[13.7 16.3],[6.85 8.15],[1.37 1.63],N,Y,33.495993,0.8943333333333330